subscription_id,user_id,start_date,end_date,status,amount
1001,1,2023-08-22,2025-06-17,Expired,449
1002,2,2025-04-14,2024-11-15,Expired,449
1003,3,2023-09-05,2025-06-24,Expired,499
1004,4,2024-06-01,2025-06-27,Expired,499
1005,5,2025-03-07,2025-09-16,Active,499
1006,6,2024-11-18,2024-08-09,Expired,449
1007,7,2024-09-08,2025-06-19,Expired,449
1008,8,2024-05-15,2024-12-18,Expired,499
1009,9,2025-05-04,2024-11-08,Expired,449
1010,10,2024-12-10,2025-07-16,Expired,449
1011,11,2023-07-14,2025-03-04,Expired,449
1012,12,2024-06-24,2025-08-17,Expired,449
1013,13,2024-07-08,2025-01-11,Expired,449
1014,14,2024-09-23,2024-12-20,Expired,449
1015,15,2023-11-20,2025-07-11,Expired,499
1016,16,2025-04-03,2025-05-14,Expired,449
1017,17,2023-10-24,2025-04-21,Expired,449
1018,18,2024-02-08,2025-10-10,Active,449
1019,19,2023-08-18,2025-06-08,Expired,499
1020,20,2023-09-18,2025-01-04,Expired,449
1021,21,2023-08-31,2024-11-13,Expired,449
1022,22,2023-08-26,2025-05-22,Expired,499
1023,23,2023-10-08,2025-06-28,Expired,449
1024,24,2024-07-12,2024-11-23,Expired,449
1025,25,2024-05-02,2024-12-24,Expired,499
1026,26,2024-08-18,2025-08-21,Active,449
1027,27,2024-12-11,2025-04-30,Expired,449
1028,28,2024-06-19,2024-12-26,Expired,499
1029,29,2025-02-04,2025-01-30,Expired,449
1030,30,2023-10-23,2024-12-31,Expired,449
1031,31,2024-01-24,2025-06-15,Expired,449
1032,32,2024-11-21,2025-04-15,Expired,499
1033,33,2023-09-15,2025-01-21,Expired,449
1034,34,2024-08-20,2025-01-11,Expired,449
1035,35,2024-03-12,2024-11-06,Expired,449
1036,36,2023-11-08,2025-09-09,Active,499
1037,37,2023-07-05,2025-02-06,Expired,499
1038,38,2024-06-28,2025-06-13,Expired,449
1039,39,2025-01-03,2025-04-29,Expired,449
1040,40,2024-02-21,2025-02-14,Expired,449
1041,41,2024-08-29,2025-07-24,Active,449
1042,42,2024-10-30,2024-07-26,Expired,499
1043,43,2024-02-14,2024-10-15,Expired,449
1044,44,2025-03-16,2025-02-16,Expired,449
1045,45,2024-07-14,2025-01-12,Expired,499
1046,46,2025-02-10,2025-08-02,Expired,499
1047,47,2025-04-06,2024-11-22,Expired,499
1048,48,2024-04-05,2025-06-07,Expired,449
1049,49,2025-04-15,2025-01-29,Expired,449
1050,50,2024-11-30,2025-06-05,Expired,449
1051,51,2025-01-09,2024-11-17,Expired,499
1052,52,2023-10-28,2025-05-02,Expired,449
1053,53,2024-10-28,2025-03-31,Expired,449
1054,54,2024-09-30,2025-03-02,Expired,449
1055,55,2023-11-14,2024-09-09,Expired,449
1056,56,2024-08-10,2025-11-17,Active,449
1057,57,2024-08-20,2024-10-08,Expired,499
1058,58,2024-05-01,2025-10-10,Active,449
1059,59,2023-09-19,2025-07-19,Active,449
1060,60,2024-07-31,2025-06-20,Expired,499
1061,61,2023-11-17,2025-02-04,Expired,499
1062,62,2025-03-17,2024-11-18,Expired,449
1063,63,2024-02-12,2025-02-22,Expired,449
1064,64,2025-03-23,2024-11-06,Expired,449
1065,65,2024-10-13,2024-11-01,Expired,499
1066,66,2023-12-19,2025-02-28,Expired,449
1067,67,2024-02-12,2025-05-09,Expired,499
1068,68,2024-03-06,2025-04-10,Expired,449
1069,69,2024-06-24,2025-11-01,Active,449
1070,70,2025-05-06,2025-07-20,Expired,449
1071,71,2024-01-11,2024-12-06,Expired,499
1072,72,2023-07-14,2025-03-29,Expired,449
1073,73,2024-12-25,2025-08-02,Active,499
1074,74,2023-11-06,2025-06-21,Expired,499
1075,75,2025-01-18,2025-04-23,Expired,449
1076,76,2024-01-18,2025-07-18,Expired,499
1077,77,2025-02-19,2025-01-28,Expired,499
1078,78,2024-05-15,2025-03-08,Expired,499
1079,79,2024-05-12,2025-01-08,Expired,449
1080,80,2024-05-08,2025-03-29,Expired,449
1081,81,2024-02-16,2025-06-13,Expired,449
1082,82,2024-04-25,2025-04-18,Expired,449
1083,83,2025-04-24,2025-04-27,Expired,449
1084,84,2023-11-15,2025-04-28,Expired,499
1085,85,2023-11-30,2024-12-24,Expired,449
1086,86,2024-07-09,2025-04-16,Expired,449
1087,87,2024-09-18,2025-02-12,Expired,449
1088,88,2024-07-11,2024-11-21,Expired,499
1089,89,2025-02-06,2024-07-22,Expired,499
1090,90,2025-03-09,2025-07-13,Expired,449
1091,91,2024-01-01,2025-05-31,Expired,449
1092,92,2024-08-14,2025-11-02,Active,449
1093,93,2023-09-30,2025-09-21,Active,499
1094,94,2023-07-04,2025-04-29,Expired,449
1095,95,2025-03-11,2025-04-08,Expired,499
1096,96,2025-04-04,2025-01-09,Expired,499
1097,97,2025-01-16,2025-03-08,Expired,499
1098,98,2023-11-23,2025-06-06,Expired,499
1099,99,2024-09-02,2025-10-22,Active,449
1100,100,2024-05-28,2025-04-04,Expired,449
1101,101,2023-12-26,2025-05-12,Expired,449
1102,102,2025-01-14,2025-06-11,Expired,449
1103,103,2024-02-03,2025-05-04,Expired,449
1104,104,2024-02-07,2025-01-25,Expired,449
1105,105,2023-08-23,2024-09-07,Expired,499
1106,106,2024-10-17,2025-11-25,Active,449
1107,107,2023-12-08,2025-05-17,Expired,499
1108,108,2023-12-04,2025-01-21,Expired,499
1109,109,2023-12-30,2025-10-01,Expired,499
1110,110,2024-12-08,2025-02-03,Expired,449
1111,111,2024-04-22,2025-04-22,Expired,449
1112,112,2024-06-15,2024-09-04,Expired,449
1113,113,2024-12-02,2025-03-11,Expired,499
1114,114,2025-04-04,2025-07-07,Expired,499
1115,115,2024-04-08,2024-10-28,Expired,449
1116,116,2024-10-18,2024-09-22,Expired,449
1117,117,2024-03-25,2024-10-22,Expired,499
1118,118,2023-10-09,2025-10-16,Expired,449
1119,119,2023-11-28,2025-06-27,Expired,449
1120,120,2024-01-28,2025-06-23,Expired,449
1121,121,2023-06-18,2025-06-20,Expired,449
1122,122,2025-04-19,2025-03-23,Expired,449
1123,123,2023-10-22,2024-10-04,Expired,449
1124,124,2024-02-03,2025-04-09,Expired,499
1125,125,2024-05-27,2025-07-03,Expired,449
1126,126,2025-03-03,2025-01-10,Expired,449
1127,127,2024-10-22,2025-06-11,Expired,499
1128,128,2023-11-04,2025-07-23,Expired,449
1129,129,2024-03-25,2025-04-27,Expired,449
1130,130,2024-10-17,2025-02-26,Expired,449
1131,131,2023-10-17,2025-04-18,Expired,449
1132,132,2024-12-14,2025-07-31,Expired,499
1133,133,2024-04-29,2024-09-04,Expired,499
1134,134,2025-04-09,2024-10-08,Expired,499
1135,135,2023-07-31,2024-12-02,Expired,449
1136,136,2024-06-08,2024-11-29,Expired,449
1137,137,2024-02-09,2024-12-31,Expired,499
1138,138,2024-05-20,2025-10-11,Active,449
1139,139,2023-09-19,2025-03-15,Expired,449
1140,140,2025-04-25,2025-06-30,Expired,499
1141,141,2024-05-29,2025-07-17,Active,449
1142,142,2023-06-19,2025-05-05,Expired,449
1143,143,2024-04-20,2025-04-08,Expired,449
1144,144,2024-05-02,2025-03-26,Expired,449
1145,145,2025-02-15,2025-02-19,Expired,449
1146,146,2024-05-27,2025-10-22,Expired,449
1147,147,2025-04-07,2024-10-04,Expired,449
1148,148,2023-12-08,2024-12-21,Expired,449
1149,149,2024-05-30,2025-07-26,Expired,499
1150,150,2023-10-10,2024-12-15,Expired,499
1151,151,2024-07-04,2024-11-15,Expired,449
1152,152,2024-11-27,2025-08-06,Expired,499
1153,153,2025-04-26,2024-12-27,Expired,499
1154,154,2024-11-15,2025-06-27,Expired,449
1155,155,2025-06-03,2025-05-19,Expired,449
1156,156,2024-07-06,2024-10-31,Expired,449
1157,157,2023-10-04,2025-01-05,Expired,499
1158,158,2024-04-30,2025-06-07,Expired,449
1159,159,2024-07-05,2025-11-04,Active,449
1160,160,2024-11-12,2024-12-22,Expired,499
1161,161,2023-12-24,2025-08-01,Expired,499
1162,162,2023-09-26,2024-12-27,Expired,449
1163,163,2023-07-18,2024-12-06,Expired,499
1164,164,2024-02-09,2025-01-18,Expired,449
1165,165,2024-03-06,2025-11-07,Active,449
1166,166,2025-05-21,2025-08-14,Active,499
1167,167,2023-11-07,2025-07-10,Expired,449
1168,168,2023-11-29,2025-07-07,Expired,449
1169,169,2024-03-01,2025-09-06,Expired,449
1170,170,2024-01-07,2025-05-11,Expired,499
1171,171,2024-07-29,2025-03-20,Expired,499
1172,172,2025-01-11,2025-05-19,Expired,499
1173,173,2025-02-10,2025-05-09,Expired,449
1174,174,2025-01-29,2025-07-13,Expired,449
1175,175,2024-07-09,2025-05-27,Expired,449
1176,176,2024-07-14,2024-10-16,Expired,499
1177,177,2025-01-03,2025-06-26,Expired,499
1178,178,2025-01-05,2025-01-06,Expired,499
1179,179,2023-08-16,2024-11-25,Expired,449
1180,180,2025-06-05,2025-01-02,Expired,449
1181,181,2025-01-22,2025-09-21,Expired,449
1182,182,2025-05-18,2025-09-22,Expired,449
1183,183,2023-10-20,2025-04-29,Expired,499
1184,184,2023-12-25,2025-08-13,Expired,449
1185,185,2024-11-02,2025-02-22,Expired,449
1186,186,2024-10-06,2025-03-16,Expired,449
1187,187,2023-12-25,2025-03-20,Expired,449
1188,188,2023-12-20,2025-06-29,Expired,499
1189,189,2024-11-16,2025-01-01,Expired,449
1190,190,2023-10-18,2025-07-03,Expired,499
1191,191,2023-07-06,2025-09-19,Expired,449
1192,192,2023-12-12,2025-07-10,Expired,499
1193,193,2024-10-03,2025-08-14,Expired,449
1194,194,2025-02-17,2025-05-16,Expired,449
1195,195,2025-01-28,2025-09-30,Expired,499
1196,196,2025-01-22,2024-09-09,Expired,499
1197,197,2025-03-21,2025-01-03,Expired,449
1198,198,2024-01-12,2025-08-14,Expired,449
1199,199,2024-01-23,2025-05-17,Expired,449
1200,200,2023-10-22,2025-01-19,Expired,449
1201,201,2024-04-30,2024-09-23,Expired,449
1202,202,2025-02-11,2025-01-25,Expired,499
1203,203,2023-10-17,2025-06-29,Active,499
1204,204,2024-09-15,2024-12-31,Expired,449
1205,205,2025-04-12,2025-04-05,Expired,499
1206,206,2023-11-29,2024-12-22,Expired,449
1207,207,2024-08-24,2025-03-03,Expired,499
1208,208,2024-01-15,2025-07-08,Expired,449
1209,209,2024-06-15,2025-04-25,Expired,449
1210,210,2023-08-23,2025-10-12,Expired,449
1211,211,2025-05-17,2025-03-05,Expired,499
1212,212,2023-12-25,2025-04-01,Expired,499
1213,213,2024-09-28,2025-06-27,Expired,449
1214,214,2024-05-16,2025-03-19,Expired,449
1215,215,2024-04-18,2025-06-10,Expired,449
1216,216,2024-01-28,2024-12-28,Expired,499
1217,217,2024-04-17,2025-03-22,Expired,499
1218,218,2024-01-30,2025-04-08,Expired,449
1219,219,2025-02-14,2025-03-21,Expired,449
1220,220,2024-12-30,2025-05-14,Expired,499
1221,221,2024-05-02,2025-10-03,Expired,449
1222,222,2025-01-17,2025-01-23,Expired,499
1223,223,2023-09-07,2024-10-02,Expired,449
1224,224,2024-02-17,2025-03-18,Expired,449
1225,225,2023-10-21,2025-07-11,Expired,449
1226,226,2024-03-10,2025-04-02,Expired,499
1227,227,2024-08-07,2025-09-02,Expired,449
1228,228,2023-09-07,2025-02-10,Expired,449
1229,229,2023-09-29,2025-03-30,Expired,499
1230,230,2024-10-07,2025-06-23,Expired,499
1231,231,2024-03-15,2025-04-11,Expired,449
1232,232,2024-08-23,2025-03-26,Expired,449
1233,233,2024-11-02,2024-11-18,Expired,449
1234,234,2025-05-22,2025-08-23,Active,499
1235,235,2024-10-10,2025-08-02,Expired,499
1236,236,2025-04-26,2025-01-09,Expired,449
1237,237,2025-04-08,2025-11-10,Active,449
1238,238,2024-10-28,2024-12-17,Expired,449
1239,239,2024-09-15,2025-08-04,Expired,449
1240,240,2024-05-11,2025-12-10,Active,449
1241,241,2025-05-16,2025-02-19,Expired,449
1242,242,2024-11-17,2025-10-05,Expired,449
1243,243,2024-12-12,2025-09-04,Expired,449
1244,244,2024-10-25,2025-02-13,Expired,499
1245,245,2024-01-24,2025-05-20,Expired,449
1246,246,2025-04-04,2025-07-28,Active,499
1247,247,2024-12-22,2025-02-09,Expired,449
1248,248,2023-09-24,2025-07-16,Expired,499
1249,249,2025-04-26,2025-04-29,Expired,449
1250,250,2023-11-21,2024-10-27,Expired,499
1251,251,2025-02-27,2025-11-01,Active,499
1252,252,2025-04-29,2025-04-29,Expired,449
1253,253,2024-09-12,2025-04-24,Expired,449
1254,254,2023-06-18,2025-03-26,Expired,449
1255,255,2024-05-25,2024-12-21,Expired,499
1256,256,2024-01-22,2024-09-02,Expired,449
1257,257,2023-11-19,2025-01-22,Expired,499
1258,258,2023-10-01,2025-07-31,Expired,499
1259,259,2023-08-21,2024-11-08,Expired,499
1260,260,2023-07-24,2025-09-28,Expired,449
1261,261,2024-10-23,2025-01-29,Expired,449
1262,262,2025-05-09,2025-04-12,Expired,449
1263,263,2023-11-06,2025-10-13,Expired,449
1264,264,2024-09-26,2025-07-10,Active,449
1265,265,2024-05-09,2025-04-16,Expired,449
1266,266,2024-04-27,2025-08-29,Active,499
1267,267,2024-12-12,2025-05-28,Expired,499
1268,268,2024-06-17,2024-09-29,Expired,449
1269,269,2023-11-26,2024-12-24,Expired,499
1270,270,2024-05-09,2024-08-06,Expired,449
1271,271,2023-07-30,2024-12-19,Expired,449
1272,272,2024-10-08,2025-09-05,Expired,449
1273,273,2023-12-31,2024-09-04,Expired,499
1274,274,2024-02-15,2025-05-08,Expired,449
1275,275,2025-03-29,2025-10-07,Active,499
1276,276,2024-08-27,2024-11-23,Expired,449
1277,277,2024-10-01,2025-03-19,Expired,499
1278,278,2024-03-26,2025-02-10,Expired,449
1279,279,2024-07-26,2025-03-29,Expired,499
1280,280,2023-09-05,2025-01-11,Expired,499
1281,281,2025-05-11,2025-03-31,Expired,449
1282,282,2023-11-15,2025-05-09,Expired,499
1283,283,2024-06-10,2025-01-05,Expired,449
1284,284,2024-02-13,2025-01-05,Expired,449
1285,285,2024-12-15,2025-02-04,Expired,449
1286,286,2024-03-18,2025-08-22,Expired,499
1287,287,2024-03-02,2025-05-02,Expired,449
1288,288,2025-01-27,2024-12-21,Expired,449
1289,289,2023-11-26,2025-05-28,Expired,449
1290,290,2024-04-17,2024-08-24,Expired,449
1291,291,2024-02-10,2025-05-30,Expired,449
1292,292,2024-02-17,2025-04-05,Expired,499
1293,293,2024-06-29,2025-01-17,Expired,449
1294,294,2024-07-27,2024-10-17,Expired,449
1295,295,2024-11-23,2025-08-26,Expired,499
1296,296,2023-07-30,2025-01-23,Expired,449
1297,297,2023-06-19,2025-01-27,Expired,449
1298,298,2025-03-21,2025-04-06,Expired,499
1299,299,2024-10-10,2024-12-22,Expired,449
1300,300,2024-08-19,2025-05-14,Expired,449
1301,301,2025-04-11,2025-07-21,Expired,499
1302,302,2024-06-24,2024-11-03,Expired,449
1303,303,2025-05-02,2025-04-07,Expired,499
1304,304,2025-02-20,2025-09-27,Expired,449
1305,305,2023-10-05,2025-06-07,Expired,499
1306,306,2024-08-12,2024-09-18,Expired,449
1307,307,2023-06-21,2025-03-28,Expired,499
1308,308,2024-10-19,2025-06-08,Expired,449
1309,309,2024-03-16,2025-01-04,Expired,499
1310,310,2025-05-09,2025-03-19,Expired,449
1311,311,2024-12-06,2025-08-09,Expired,449
1312,312,2025-04-04,2024-11-12,Expired,499
1313,313,2024-04-18,2025-03-23,Expired,499
1314,314,2024-12-20,2024-12-21,Expired,449
1315,315,2025-02-21,2025-05-22,Expired,449
1316,316,2023-07-29,2025-02-04,Expired,449
1317,317,2023-11-22,2025-05-04,Expired,499
1318,318,2025-04-20,2024-12-25,Expired,449
1319,319,2025-03-17,2025-02-06,Expired,449
1320,320,2024-02-02,2025-07-11,Expired,449
1321,321,2025-05-24,2025-08-25,Expired,449
1322,322,2025-05-19,2025-11-16,Active,449
1323,323,2023-08-19,2024-09-18,Expired,449
1324,324,2025-04-01,2025-03-03,Expired,449
1325,325,2024-06-18,2025-08-18,Expired,449
1326,326,2024-04-20,2025-05-20,Expired,449
1327,327,2023-11-30,2024-12-19,Expired,449
1328,328,2023-12-27,2024-10-08,Expired,499
1329,329,2025-01-09,2025-03-25,Expired,499
1330,330,2024-12-08,2024-11-08,Expired,449
1331,331,2024-04-07,2024-09-21,Expired,499
1332,332,2023-07-12,2024-11-26,Expired,499
1333,333,2024-11-15,2025-01-09,Expired,499
1334,334,2024-12-24,2025-07-04,Expired,449
1335,335,2024-04-01,2025-04-19,Expired,449
1336,336,2024-09-27,2025-10-20,Active,449
1337,337,2024-10-18,2024-11-12,Expired,449
1338,338,2025-01-26,2025-04-30,Expired,449
1339,339,2023-12-12,2025-10-13,Active,449
1340,340,2024-11-27,2025-04-14,Expired,449
1341,341,2024-03-20,2025-02-15,Expired,499
1342,342,2024-03-19,2024-11-30,Expired,449
1343,343,2024-04-21,2025-07-24,Expired,449
1344,344,2023-12-07,2025-06-10,Expired,499
1345,345,2025-03-25,2024-12-12,Expired,499
1346,346,2023-12-01,2025-01-01,Expired,449
1347,347,2023-09-08,2025-02-23,Expired,449
1348,348,2024-07-31,2025-10-23,Active,499
1349,349,2023-09-25,2025-05-18,Expired,449
1350,350,2023-11-14,2025-10-24,Expired,499
1351,351,2024-03-07,2025-10-10,Expired,449
1352,352,2023-07-18,2025-06-21,Expired,499
1353,353,2025-04-10,2025-06-29,Expired,499
1354,354,2025-01-20,2025-05-06,Expired,449
1355,355,2025-03-17,2025-06-20,Expired,449
1356,356,2025-04-17,2025-03-21,Expired,449
1357,357,2023-10-23,2025-02-28,Expired,449
1358,358,2024-08-31,2025-01-26,Expired,499
1359,359,2023-07-21,2025-03-03,Expired,449
1360,360,2024-11-04,2025-07-31,Active,449
1361,361,2024-03-15,2024-11-21,Expired,499
1362,362,2024-03-13,2025-08-09,Expired,449
1363,363,2023-07-31,2024-12-30,Expired,449
1364,364,2025-04-29,2025-10-19,Expired,499
1365,365,2024-11-23,2024-12-19,Expired,499
1366,366,2024-05-12,2025-06-22,Expired,449
1367,367,2025-01-24,2024-07-17,Expired,449
1368,368,2024-05-17,2025-02-23,Expired,449
1369,369,2023-12-21,2025-03-12,Expired,499
1370,370,2024-01-05,2025-08-26,Expired,499
1371,371,2023-12-16,2025-10-05,Expired,449
1372,372,2025-05-14,2024-12-29,Expired,449
1373,373,2024-10-07,2025-09-14,Expired,499
1374,374,2024-07-04,2024-11-23,Expired,449
1375,375,2024-02-16,2025-05-14,Expired,499
1376,376,2024-09-16,2024-11-16,Expired,499
1377,377,2024-11-28,2024-11-05,Expired,449
1378,378,2024-01-11,2025-07-30,Active,449
1379,379,2023-11-22,2024-10-25,Expired,449
1380,380,2024-09-10,2025-04-15,Expired,499
1381,381,2023-11-17,2025-03-16,Expired,449
1382,382,2025-03-15,2025-05-26,Expired,449
1383,383,2023-12-09,2025-06-15,Expired,499
1384,384,2024-03-05,2025-08-27,Active,449
1385,385,2024-07-13,2024-09-26,Expired,449
1386,386,2023-12-09,2025-10-14,Active,449
1387,387,2024-02-05,2025-10-26,Expired,499
1388,388,2024-04-03,2025-07-19,Expired,449
1389,389,2024-10-09,2024-09-13,Expired,449
1390,390,2024-08-30,2025-06-23,Expired,449
1391,391,2023-07-21,2024-10-19,Expired,449
1392,392,2024-11-17,2025-09-11,Expired,449
1393,393,2025-05-01,2025-03-09,Expired,499
1394,394,2024-02-08,2024-12-10,Expired,449
1395,395,2025-04-02,2025-05-11,Expired,449
1396,396,2023-12-19,2025-08-31,Expired,449
1397,397,2024-04-26,2024-09-18,Expired,449
1398,398,2023-11-01,2025-01-01,Expired,499
1399,399,2024-01-28,2025-10-29,Expired,449
1400,400,2025-01-29,2024-11-04,Expired,449
1401,401,2024-06-05,2024-09-03,Expired,499
1402,402,2025-01-12,2025-07-10,Expired,499
1403,403,2024-09-18,2025-03-02,Expired,499
1404,404,2024-09-14,2025-03-08,Expired,449
1405,405,2024-11-25,2025-07-15,Active,449
1406,406,2025-01-08,2024-10-12,Expired,449
1407,407,2023-10-26,2024-10-31,Expired,499
1408,408,2024-07-29,2025-01-16,Expired,449
1409,409,2023-11-25,2025-02-16,Expired,499
1410,410,2025-01-08,2025-11-12,Active,499
1411,411,2023-07-26,2025-06-02,Expired,449
1412,412,2024-06-06,2024-10-24,Expired,449
1413,413,2025-04-14,2025-09-22,Expired,449
1414,414,2025-03-02,2024-10-17,Expired,499
1415,415,2025-03-07,2025-07-30,Expired,499
1416,416,2025-02-02,2025-07-11,Expired,449
1417,417,2024-09-20,2025-04-29,Expired,449
1418,418,2024-08-16,2025-08-27,Active,499
1419,419,2024-03-08,2024-12-23,Expired,449
1420,420,2024-10-29,2025-06-22,Expired,499
1421,421,2023-10-10,2025-06-06,Expired,449
1422,422,2023-10-27,2025-03-12,Expired,449
1423,423,2023-06-25,2024-12-27,Expired,449
1424,424,2023-06-20,2025-07-13,Expired,449
1425,425,2024-11-12,2025-09-06,Expired,449
1426,426,2023-09-15,2025-07-19,Expired,449
1427,427,2023-12-25,2025-01-27,Expired,449
1428,428,2024-06-24,2025-04-17,Expired,499
1429,429,2024-10-10,2025-02-17,Expired,449
1430,430,2025-02-07,2025-05-26,Expired,449
1431,431,2024-03-03,2024-12-20,Expired,499
1432,432,2024-12-16,2025-07-22,Expired,449
1433,433,2023-06-30,2025-10-21,Active,499
1434,434,2024-04-27,2024-12-02,Expired,449
1435,435,2024-03-06,2025-05-18,Expired,499
1436,436,2024-01-04,2025-04-24,Expired,499
1437,437,2024-11-02,2025-02-24,Expired,499
1438,438,2023-09-20,2025-06-15,Expired,499
1439,439,2023-09-07,2025-05-31,Expired,499
1440,440,2025-04-19,2025-02-07,Expired,499
1441,441,2025-05-20,2025-03-25,Expired,499
1442,442,2024-03-11,2025-08-01,Expired,449
1443,443,2025-05-08,2024-08-30,Expired,449
1444,444,2025-04-14,2024-11-20,Expired,499
1445,445,2024-07-19,2024-12-02,Expired,449
1446,446,2024-11-02,2025-06-08,Expired,449
1447,447,2024-03-27,2025-08-09,Expired,499
1448,448,2024-04-30,2024-09-18,Expired,449
1449,449,2023-08-04,2025-01-15,Expired,449
1450,450,2023-12-12,2025-07-17,Expired,499
1451,451,2024-09-29,2025-09-11,Expired,499
1452,452,2025-02-17,2025-01-22,Expired,449
1453,453,2024-10-17,2024-10-18,Expired,499
1454,454,2024-12-24,2025-10-28,Active,449
1455,455,2023-11-01,2025-02-21,Expired,499
1456,456,2025-01-25,2024-12-17,Expired,499
1457,457,2024-06-30,2025-10-17,Active,449
1458,458,2024-07-30,2025-10-10,Active,449
1459,459,2025-02-14,2025-08-18,Expired,499
1460,460,2024-11-08,2024-11-12,Expired,499
1461,461,2023-07-10,2025-08-02,Expired,449
1462,462,2024-07-10,2025-02-22,Expired,449
1463,463,2024-09-10,2025-02-10,Expired,449
1464,464,2024-11-15,2025-02-20,Expired,449
1465,465,2024-10-24,2025-03-30,Expired,499
1466,466,2024-12-14,2025-07-13,Expired,499
1467,467,2023-10-17,2025-01-16,Expired,449
1468,468,2025-03-31,2025-04-15,Expired,449
1469,469,2023-11-13,2025-03-19,Expired,449
1470,470,2024-11-04,2024-11-17,Expired,449
1471,471,2025-06-12,2025-05-04,Expired,499
1472,472,2024-11-13,2025-07-20,Expired,449
1473,473,2024-03-18,2025-01-13,Expired,499
1474,474,2024-10-06,2025-09-04,Expired,449
1475,475,2024-04-27,2025-10-30,Expired,499
1476,476,2025-01-20,2025-06-13,Expired,449
1477,477,2024-03-09,2025-02-14,Expired,449
1478,478,2023-12-14,2025-03-30,Expired,499
1479,479,2024-06-23,2025-02-15,Expired,499
1480,480,2024-12-25,2025-08-27,Active,449
1481,481,2025-03-18,2024-10-08,Expired,499
1482,482,2024-04-07,2024-12-30,Expired,449
1483,483,2023-07-21,2025-06-30,Expired,499
1484,484,2025-05-10,2025-04-22,Expired,499
1485,485,2025-04-23,2025-09-12,Expired,449
1486,486,2025-05-02,2025-06-22,Expired,499
1487,487,2024-07-21,2024-10-11,Expired,449
1488,488,2024-11-11,2025-05-13,Expired,499
1489,489,2024-05-16,2025-06-03,Expired,449
1490,490,2023-07-11,2025-04-24,Expired,499
1491,491,2025-01-15,2025-02-08,Expired,449
1492,492,2024-12-31,2025-10-18,Expired,449
1493,493,2023-07-03,2024-09-11,Expired,449
1494,494,2024-11-14,2024-12-28,Expired,449
1495,495,2024-07-31,2025-11-25,Active,449
1496,496,2025-05-16,2024-09-03,Expired,449
1497,497,2024-12-05,2025-06-04,Expired,449
1498,498,2024-05-21,2024-07-22,Expired,449
1499,499,2023-07-22,2025-03-30,Expired,449
1500,500,2025-02-18,2025-02-12,Expired,499
1501,501,2025-04-19,2025-09-10,Expired,449
1502,502,2025-04-08,2025-04-30,Expired,449
1503,503,2024-09-10,2025-08-03,Expired,449
1504,504,2025-05-04,2024-10-25,Expired,449
1505,505,2025-05-03,2025-12-05,Active,449
1506,506,2024-11-19,2025-01-21,Expired,449
1507,507,2024-12-19,2025-05-16,Expired,449
1508,508,2023-11-07,2025-08-18,Expired,499
1509,509,2024-05-23,2025-04-03,Expired,449
1510,510,2024-07-08,2024-10-12,Expired,449
1511,511,2025-06-13,2024-12-18,Expired,499
1512,512,2024-11-17,2025-10-31,Active,449
1513,513,2024-07-20,2025-01-26,Expired,449
1514,514,2024-05-25,2025-07-03,Expired,449
1515,515,2024-11-15,2025-03-28,Expired,499
1516,516,2024-04-30,2025-08-03,Active,499
1517,517,2024-10-30,2025-05-30,Expired,499
1518,518,2024-08-24,2025-01-22,Expired,449
1519,519,2024-02-15,2025-01-26,Expired,449
1520,520,2023-08-30,2025-01-28,Expired,449
1521,521,2024-11-26,2024-12-14,Expired,499
1522,522,2025-01-17,2025-09-06,Active,499
1523,523,2024-08-08,2025-05-23,Expired,449
1524,524,2023-09-18,2025-07-26,Expired,449
1525,525,2025-06-03,2025-05-02,Expired,449
1526,526,2024-04-16,2025-03-03,Expired,449
1527,527,2023-08-13,2025-10-04,Active,499
1528,528,2023-10-15,2025-06-29,Expired,499
1529,529,2024-07-05,2025-07-29,Expired,449
1530,530,2023-11-26,2025-04-15,Expired,499
1531,531,2024-07-14,2024-12-12,Expired,449
1532,532,2023-06-23,2024-11-06,Expired,499
1533,533,2023-12-04,2025-01-31,Expired,499
1534,534,2023-06-25,2025-06-08,Expired,449
1535,535,2024-09-10,2024-10-26,Expired,499
1536,536,2025-02-06,2025-08-17,Expired,449
1537,537,2023-10-08,2025-03-20,Expired,449
1538,538,2025-05-21,2025-03-26,Expired,449
1539,539,2024-07-24,2025-04-13,Expired,449
1540,540,2024-12-22,2024-11-26,Expired,449
1541,541,2024-02-19,2025-07-18,Expired,449
1542,542,2024-03-12,2025-04-22,Expired,449
1543,543,2024-07-18,2024-11-13,Expired,499
1544,544,2025-05-10,2025-05-25,Expired,449
1545,545,2024-12-30,2025-09-18,Expired,499
1546,546,2024-02-09,2025-02-23,Expired,499
1547,547,2025-02-07,2025-08-16,Expired,449
1548,548,2025-05-14,2025-06-25,Expired,499
1549,549,2024-03-31,2025-02-16,Expired,499
1550,550,2024-08-31,2025-03-07,Expired,449
1551,551,2024-09-16,2025-02-10,Expired,499
1552,552,2023-08-21,2025-01-10,Expired,499
1553,553,2024-01-08,2025-08-14,Expired,449
1554,554,2024-07-31,2024-11-05,Expired,449
1555,555,2023-12-19,2025-02-24,Expired,449
1556,556,2025-06-06,2025-10-20,Active,449
1557,557,2023-10-15,2025-06-25,Expired,449
1558,558,2025-05-17,2024-12-12,Expired,449
1559,559,2024-09-04,2025-06-26,Expired,499
1560,560,2023-08-05,2025-07-31,Expired,449
1561,561,2023-12-16,2024-12-06,Expired,499
1562,562,2023-09-17,2025-08-21,Active,449
1563,563,2024-04-23,2025-03-21,Expired,499
1564,564,2024-02-15,2025-02-13,Expired,499
1565,565,2024-02-14,2025-04-07,Expired,499
1566,566,2023-11-18,2025-08-29,Expired,499
1567,567,2024-05-11,2025-08-17,Expired,499
1568,568,2024-03-21,2025-01-08,Expired,449
1569,569,2024-04-04,2024-10-20,Expired,449
1570,570,2023-12-09,2025-04-04,Expired,449
1571,571,2024-08-29,2024-10-10,Expired,499
1572,572,2023-10-09,2025-10-06,Expired,449
1573,573,2024-01-01,2025-02-12,Expired,449
1574,574,2025-04-10,2025-04-02,Expired,449
1575,575,2023-10-06,2025-06-06,Expired,449
1576,576,2024-11-25,2024-11-16,Expired,449
1577,577,2023-06-21,2024-12-27,Expired,449
1578,578,2023-08-14,2024-10-14,Expired,449
1579,579,2024-06-04,2024-11-24,Expired,449
1580,580,2024-10-22,2025-02-04,Expired,499
1581,581,2024-06-10,2025-04-20,Expired,449
1582,582,2023-10-24,2025-07-29,Expired,449
1583,583,2024-03-15,2025-10-24,Expired,499
1584,584,2023-08-10,2024-08-06,Expired,449
1585,585,2024-09-08,2024-10-09,Expired,449
1586,586,2025-03-02,2025-04-23,Expired,449
1587,587,2024-09-10,2025-08-05,Expired,449
1588,588,2024-01-07,2025-08-03,Expired,449
1589,589,2024-11-24,2025-06-29,Expired,449
1590,590,2023-12-18,2025-01-11,Expired,449
1591,591,2024-02-17,2025-07-30,Expired,449
1592,592,2024-02-21,2025-06-28,Expired,449
1593,593,2025-05-06,2024-11-06,Expired,499
1594,594,2024-11-11,2025-07-24,Expired,499
1595,595,2024-09-04,2025-11-09,Expired,449
1596,596,2025-05-02,2025-06-20,Expired,499
1597,597,2025-01-12,2025-03-22,Expired,499
1598,598,2024-12-23,2025-09-24,Active,449
1599,599,2024-11-27,2025-08-05,Expired,449
1600,600,2024-07-09,2025-07-01,Expired,449
1601,601,2024-12-15,2024-09-20,Expired,449
1602,602,2025-03-04,2025-02-10,Expired,449
1603,603,2025-01-10,2025-03-20,Expired,449
1604,604,2025-03-01,2025-02-16,Expired,499
1605,605,2025-05-11,2025-05-04,Expired,499
1606,606,2023-10-14,2025-04-16,Expired,449
1607,607,2024-10-20,2025-05-10,Expired,499
1608,608,2025-06-15,2025-03-22,Expired,499
1609,609,2023-09-20,2024-12-19,Expired,449
1610,610,2023-11-06,2025-07-13,Expired,449
1611,611,2024-12-08,2024-12-27,Expired,449
1612,612,2025-03-27,2025-05-12,Expired,449
1613,613,2024-02-20,2025-06-26,Expired,499
1614,614,2024-03-29,2025-02-28,Expired,499
1615,615,2024-08-19,2025-03-27,Expired,499
1616,616,2025-02-26,2024-11-05,Expired,449
1617,617,2025-06-04,2024-11-29,Expired,449
1618,618,2024-05-17,2025-02-08,Expired,449
1619,619,2024-04-18,2025-09-10,Expired,449
1620,620,2023-06-25,2025-02-27,Expired,449
1621,621,2024-10-09,2025-06-14,Expired,449
1622,622,2023-08-30,2025-08-02,Expired,499
1623,623,2023-08-12,2024-10-17,Expired,499
1624,624,2024-08-01,2024-12-22,Expired,499
1625,625,2025-02-23,2025-02-08,Expired,449
1626,626,2024-06-25,2024-12-18,Expired,449
1627,627,2024-06-03,2025-09-13,Expired,449
1628,628,2024-06-06,2025-04-22,Expired,449
1629,629,2025-03-16,2024-09-22,Expired,449
1630,630,2024-10-18,2025-03-12,Expired,499
1631,631,2024-09-08,2025-02-03,Expired,499
1632,632,2024-07-30,2024-11-10,Expired,449
1633,633,2023-09-04,2025-05-18,Expired,499
1634,634,2023-12-09,2025-07-04,Expired,449
1635,635,2023-08-18,2025-01-13,Expired,499
1636,636,2025-02-08,2025-06-28,Expired,449
1637,637,2025-06-09,2024-11-28,Expired,449
1638,638,2024-06-08,2025-01-25,Expired,449
1639,639,2024-04-25,2024-08-18,Expired,499
1640,640,2024-05-05,2024-12-04,Expired,449
1641,641,2024-02-12,2024-10-15,Expired,449
1642,642,2023-11-02,2024-09-08,Expired,449
1643,643,2023-07-28,2025-05-31,Expired,499
1644,644,2025-05-03,2025-03-04,Expired,449
1645,645,2024-11-17,2025-09-30,Expired,499
1646,646,2024-03-15,2024-11-15,Expired,449
1647,647,2025-01-18,2025-05-19,Expired,499
1648,648,2023-09-24,2025-05-10,Expired,449
1649,649,2024-12-23,2025-07-16,Expired,449
1650,650,2024-05-31,2025-10-30,Active,449
1651,651,2023-10-28,2025-11-29,Active,499
1652,652,2025-05-15,2025-02-22,Expired,449
1653,653,2024-08-22,2025-03-31,Expired,449
1654,654,2024-06-03,2024-10-21,Expired,449
1655,655,2025-06-11,2025-04-05,Expired,449
1656,656,2023-09-26,2025-08-03,Expired,499
1657,657,2024-11-10,2025-04-22,Expired,449
1658,658,2025-06-02,2025-02-14,Expired,449
1659,659,2023-07-21,2025-01-16,Expired,449
1660,660,2024-12-17,2025-06-06,Expired,449
1661,661,2023-12-04,2025-08-27,Active,449
1662,662,2024-05-18,2024-12-07,Expired,499
1663,663,2023-10-13,2024-11-28,Expired,449
1664,664,2024-01-31,2025-05-30,Expired,449
1665,665,2023-09-18,2025-05-28,Expired,449
1666,666,2024-05-09,2025-03-23,Expired,499
1667,667,2025-02-03,2025-05-06,Expired,449
1668,668,2023-11-07,2025-03-02,Expired,449
1669,669,2023-10-13,2024-12-13,Expired,499
1670,670,2025-03-31,2025-08-26,Expired,449
1671,671,2024-01-06,2024-12-10,Expired,449
1672,672,2024-06-19,2025-01-19,Expired,499
1673,673,2024-04-16,2025-06-22,Expired,499
1674,674,2025-05-12,2025-06-16,Expired,499
1675,675,2024-12-07,2025-06-25,Expired,449
1676,676,2024-08-18,2025-02-19,Expired,449
1677,677,2024-02-18,2024-11-01,Expired,449
1678,678,2023-09-18,2025-11-26,Active,499
1679,679,2023-06-26,2024-12-12,Expired,499
1680,680,2024-04-01,2024-08-27,Expired,499
1681,681,2023-06-20,2025-04-30,Expired,449
1682,682,2023-09-02,2025-05-25,Expired,499
1683,683,2024-09-21,2025-03-21,Expired,449
1684,684,2023-12-11,2025-03-28,Expired,449
1685,685,2024-02-10,2025-03-05,Expired,449
1686,686,2023-10-06,2025-03-17,Expired,499
1687,687,2023-07-18,2025-08-12,Expired,499
1688,688,2024-04-13,2025-07-03,Active,449
1689,689,2024-02-28,2025-02-23,Expired,499
1690,690,2023-09-18,2025-04-15,Expired,449
1691,691,2024-10-21,2025-03-23,Expired,449
1692,692,2024-09-29,2025-08-10,Expired,449
1693,693,2023-09-06,2024-09-28,Expired,449
1694,694,2025-05-30,2025-02-06,Expired,449
1695,695,2024-06-02,2024-12-06,Expired,499
1696,696,2024-04-01,2025-02-01,Expired,449
1697,697,2025-03-27,2025-01-03,Expired,499
1698,698,2025-06-05,2025-02-09,Expired,449
1699,699,2025-03-01,2025-04-20,Expired,449
1700,700,2024-02-28,2025-09-01,Expired,449
1701,701,2024-09-13,2024-12-17,Expired,449
1702,702,2024-03-24,2025-06-29,Expired,449
1703,703,2023-10-30,2025-09-09,Active,499
1704,704,2024-02-21,2025-07-05,Expired,499
1705,705,2025-04-22,2025-07-16,Active,449
1706,706,2024-01-20,2024-12-12,Expired,449
1707,707,2024-03-07,2024-08-18,Expired,499
1708,708,2024-07-06,2024-10-21,Expired,449
1709,709,2024-10-16,2025-04-29,Expired,449
1710,710,2023-08-25,2025-06-09,Expired,449
1711,711,2023-10-24,2025-06-26,Expired,449
1712,712,2024-09-25,2025-10-10,Expired,449
1713,713,2025-02-11,2025-04-24,Expired,499
1714,714,2024-11-10,2025-07-22,Active,499
1715,715,2024-04-10,2025-02-02,Expired,499
1716,716,2024-06-25,2025-06-04,Expired,449
1717,717,2024-08-15,2025-01-17,Expired,499
1718,718,2023-12-25,2025-03-11,Expired,449
1719,719,2023-08-09,2025-07-03,Active,449
1720,720,2024-09-12,2025-08-05,Expired,449
1721,721,2024-04-20,2025-08-22,Expired,449
1722,722,2024-10-15,2025-06-12,Expired,449
1723,723,2024-03-02,2025-05-16,Expired,499
1724,724,2024-10-21,2024-12-24,Expired,449
1725,725,2025-01-08,2025-03-10,Expired,499
1726,726,2025-03-16,2024-11-26,Expired,499
1727,727,2023-10-15,2024-11-20,Expired,499
1728,728,2024-06-27,2025-10-21,Active,449
1729,729,2024-07-01,2025-02-21,Expired,449
1730,730,2023-08-26,2025-07-15,Expired,449
1731,731,2025-04-09,2024-10-03,Expired,499
1732,732,2023-09-16,2025-03-03,Expired,449
1733,733,2024-09-17,2025-03-05,Expired,449
1734,734,2024-10-09,2025-09-21,Active,499
1735,735,2024-10-18,2024-12-13,Expired,449
1736,736,2024-08-01,2025-06-25,Expired,449
1737,737,2025-06-14,2025-07-14,Active,499
1738,738,2023-12-18,2025-07-21,Expired,449
1739,739,2024-08-31,2024-10-01,Expired,449
1740,740,2025-02-19,2025-05-29,Expired,449
1741,741,2023-10-20,2024-12-31,Expired,449
1742,742,2025-04-15,2025-09-10,Expired,499
1743,743,2025-01-04,2025-08-20,Expired,449
1744,744,2025-04-05,2025-04-13,Expired,449
1745,745,2024-03-09,2025-03-16,Expired,449
1746,746,2023-06-24,2024-11-22,Expired,499
1747,747,2025-03-05,2025-07-30,Expired,499
1748,748,2024-05-26,2025-05-03,Expired,499
1749,749,2024-10-17,2025-04-27,Expired,449
1750,750,2023-08-12,2025-05-21,Expired,499
1751,751,2024-12-16,2025-03-19,Expired,449
1752,752,2023-11-12,2024-10-09,Expired,449
1753,753,2023-12-13,2024-12-19,Expired,449
1754,754,2023-12-09,2024-11-01,Expired,499
1755,755,2023-11-17,2025-07-20,Active,499
1756,756,2023-07-09,2024-12-16,Expired,449
1757,757,2023-08-18,2025-06-05,Expired,449
1758,758,2024-09-04,2024-10-09,Expired,449
1759,759,2024-06-29,2024-12-10,Expired,499
1760,760,2024-04-03,2025-07-04,Expired,499
1761,761,2025-01-13,2025-01-20,Expired,449
1762,762,2024-01-25,2024-12-30,Expired,449
1763,763,2024-02-28,2024-11-03,Expired,449
1764,764,2025-02-20,2024-11-22,Expired,449
1765,765,2024-08-01,2024-11-17,Expired,449
1766,766,2023-10-15,2025-04-08,Expired,499
1767,767,2023-06-29,2024-11-09,Expired,449
1768,768,2023-07-20,2024-11-30,Expired,449
1769,769,2025-04-25,2025-05-01,Expired,449
1770,770,2025-02-28,2025-08-03,Expired,449
1771,771,2024-12-16,2025-06-18,Expired,499
1772,772,2024-06-05,2024-11-13,Expired,449
1773,773,2024-07-30,2025-07-31,Expired,449
1774,774,2023-08-01,2025-03-13,Expired,449
1775,775,2024-01-21,2025-05-29,Expired,449
1776,776,2023-12-27,2025-07-20,Expired,449
1777,777,2025-06-13,2025-08-18,Active,449
1778,778,2025-04-15,2025-06-19,Expired,499
1779,779,2024-06-18,2024-10-18,Expired,499
1780,780,2024-08-04,2024-11-17,Expired,499
1781,781,2024-03-18,2024-11-17,Expired,499
1782,782,2023-11-18,2025-01-16,Expired,449
1783,783,2025-05-07,2025-05-25,Expired,449
1784,784,2023-08-20,2025-04-14,Expired,449
1785,785,2024-06-21,2024-11-18,Expired,449
1786,786,2024-11-17,2025-03-30,Expired,449
1787,787,2024-01-06,2025-05-10,Expired,499
1788,788,2023-09-09,2025-03-18,Expired,499
1789,789,2024-04-08,2025-09-27,Expired,449
1790,790,2025-03-25,2024-09-18,Expired,449
1791,791,2025-05-14,2024-12-03,Expired,499
1792,792,2024-03-05,2025-03-04,Expired,499
1793,793,2024-11-01,2025-03-10,Expired,499
1794,794,2024-09-27,2025-10-30,Active,449
1795,795,2025-03-31,2025-05-07,Expired,449
1796,796,2025-01-30,2025-06-01,Expired,499
1797,797,2024-04-16,2025-03-28,Expired,449
1798,798,2025-06-15,2025-10-09,Active,449
1799,799,2025-02-24,2025-07-26,Expired,499
1800,800,2024-10-26,2025-04-04,Expired,449
1801,801,2024-03-19,2024-11-08,Expired,499
1802,802,2023-08-15,2025-06-26,Expired,449
1803,803,2024-01-06,2024-12-12,Expired,499
1804,804,2025-02-05,2025-04-18,Expired,499
1805,805,2024-03-24,2025-03-27,Expired,449
1806,806,2025-05-11,2024-11-29,Expired,449
1807,807,2025-05-31,2025-05-04,Expired,499
1808,808,2024-11-14,2025-06-08,Expired,449
1809,809,2024-03-01,2025-10-10,Active,449
1810,810,2023-10-21,2025-06-24,Expired,449
1811,811,2025-02-23,2024-10-17,Expired,449
1812,812,2023-09-09,2025-05-05,Expired,499
1813,813,2024-07-17,2024-10-15,Expired,499
1814,814,2025-01-18,2025-05-21,Expired,499
1815,815,2024-04-23,2025-06-27,Expired,449
1816,816,2025-02-25,2025-11-03,Active,499
1817,817,2023-11-10,2024-12-27,Expired,449
1818,818,2024-12-28,2025-05-31,Expired,449
1819,819,2023-11-25,2025-05-22,Expired,449
1820,820,2023-09-07,2025-03-03,Expired,449
1821,821,2023-09-02,2024-12-16,Expired,449
1822,822,2023-11-07,2024-10-28,Expired,499
1823,823,2024-01-02,2025-01-15,Expired,449
1824,824,2024-11-04,2024-09-24,Expired,499
1825,825,2024-11-28,2024-12-19,Expired,499
1826,826,2025-01-22,2025-11-09,Active,449
1827,827,2023-09-16,2024-09-19,Expired,499
1828,828,2025-05-02,2025-08-28,Expired,449
1829,829,2024-09-04,2024-11-02,Expired,449
1830,830,2024-08-05,2025-08-22,Active,499
1831,831,2024-03-03,2025-06-14,Expired,449
1832,832,2024-10-06,2025-04-24,Expired,449
1833,833,2025-02-07,2025-03-01,Expired,449
1834,834,2024-06-02,2024-12-26,Expired,449
1835,835,2024-04-27,2024-12-27,Expired,449
1836,836,2025-03-28,2025-09-15,Expired,499
1837,837,2024-09-04,2025-01-16,Expired,499
1838,838,2024-05-05,2025-05-14,Expired,449
1839,839,2025-03-28,2025-02-07,Expired,499
1840,840,2024-11-27,2025-03-03,Expired,449
1841,841,2024-07-02,2025-08-29,Active,449
1842,842,2023-09-14,2025-08-17,Expired,449
1843,843,2024-09-10,2025-03-18,Expired,449
1844,844,2024-10-10,2024-10-04,Expired,499
1845,845,2025-05-20,2025-03-27,Expired,449
1846,846,2024-04-29,2025-01-30,Expired,449
1847,847,2024-11-26,2025-04-17,Expired,499
1848,848,2025-01-25,2025-05-27,Expired,449
1849,849,2023-10-13,2025-04-29,Expired,449
1850,850,2024-11-12,2025-02-12,Expired,449
1851,851,2024-04-02,2025-07-16,Expired,449
1852,852,2024-12-18,2024-11-06,Expired,499
1853,853,2023-10-01,2024-07-27,Expired,449
1854,854,2025-02-10,2025-07-03,Expired,499
1855,855,2024-01-30,2025-03-17,Expired,449
1856,856,2024-08-16,2025-09-20,Active,449
1857,857,2023-10-14,2025-03-25,Expired,499
1858,858,2024-02-14,2024-12-11,Expired,449
1859,859,2023-10-20,2025-02-12,Expired,449
1860,860,2023-08-03,2024-12-08,Expired,499
1861,861,2023-12-31,2024-11-04,Expired,449
1862,862,2024-04-01,2025-04-17,Expired,449
1863,863,2024-12-08,2025-03-22,Expired,499
1864,864,2024-04-22,2024-10-02,Expired,449
1865,865,2024-09-13,2025-06-22,Expired,449
1866,866,2023-09-25,2025-04-16,Expired,449
1867,867,2023-07-16,2025-07-05,Active,449
1868,868,2023-09-04,2025-06-14,Expired,499
1869,869,2023-12-15,2025-04-02,Expired,499
1870,870,2024-06-07,2025-09-07,Expired,499
1871,871,2023-12-24,2025-06-28,Expired,499
1872,872,2024-11-23,2025-06-23,Expired,449
1873,873,2024-10-10,2025-07-18,Expired,449
1874,874,2024-10-04,2025-02-03,Expired,449
1875,875,2024-08-31,2024-11-06,Expired,449
1876,876,2023-08-22,2025-06-04,Expired,449
1877,877,2023-09-13,2025-07-15,Expired,449
1878,878,2024-04-28,2025-06-07,Expired,449
1879,879,2024-12-09,2025-10-14,Expired,499
1880,880,2024-04-21,2025-02-16,Expired,499
1881,881,2025-03-27,2025-07-02,Expired,499
1882,882,2024-05-29,2024-12-18,Expired,499
1883,883,2023-07-18,2025-06-04,Expired,449
1884,884,2025-06-02,2024-11-25,Expired,449
1885,885,2025-06-16,2025-05-02,Expired,499
1886,886,2023-09-01,2025-08-04,Active,449
1887,887,2024-07-18,2025-06-01,Expired,449
1888,888,2025-05-03,2025-05-04,Expired,449
1889,889,2024-08-07,2025-05-13,Expired,499
1890,890,2024-01-03,2024-11-11,Expired,449
1891,891,2024-05-29,2024-09-17,Expired,499
1892,892,2023-08-02,2025-07-21,Active,449
1893,893,2024-09-25,2025-03-14,Expired,499
1894,894,2024-09-10,2025-07-24,Expired,499
1895,895,2024-06-18,2025-02-28,Expired,499
1896,896,2023-10-31,2025-04-09,Expired,449
1897,897,2024-04-30,2025-05-22,Expired,449
1898,898,2024-04-25,2025-06-20,Expired,449
1899,899,2024-10-19,2024-09-02,Expired,449
1900,900,2023-06-20,2025-10-03,Expired,499
1901,901,2024-02-20,2025-05-04,Expired,499
1902,902,2024-07-30,2024-11-30,Expired,449
1903,903,2025-03-20,2024-09-04,Expired,449
1904,904,2024-12-15,2025-06-01,Expired,499
1905,905,2024-02-20,2025-04-06,Expired,449
1906,906,2024-10-31,2025-06-22,Expired,499
1907,907,2024-06-04,2024-12-20,Expired,449
1908,908,2024-08-28,2025-08-30,Expired,449
1909,909,2024-02-10,2025-05-05,Expired,499
1910,910,2024-04-15,2025-03-04,Expired,499
1911,911,2023-07-02,2024-12-26,Expired,499
1912,912,2023-10-26,2025-06-24,Expired,449
1913,913,2023-08-07,2025-03-13,Expired,449
1914,914,2024-11-02,2024-11-30,Expired,499
1915,915,2023-10-24,2025-08-23,Expired,499
1916,916,2023-08-30,2024-12-15,Expired,449
1917,917,2023-10-31,2025-03-30,Expired,449
1918,918,2025-02-27,2024-10-28,Expired,449
1919,919,2025-01-04,2025-06-15,Expired,449
1920,920,2024-09-06,2025-08-23,Expired,499
1921,921,2024-12-15,2025-01-31,Expired,499
1922,922,2024-12-20,2025-03-27,Expired,499
1923,923,2025-02-10,2024-12-30,Expired,449
1924,924,2024-01-29,2025-08-24,Active,449
1925,925,2024-05-07,2025-08-29,Expired,499
1926,926,2025-05-17,2025-09-03,Expired,449
1927,927,2024-10-31,2025-01-29,Expired,499
1928,928,2025-02-27,2025-10-21,Active,499
1929,929,2024-06-29,2025-05-11,Expired,449
1930,930,2024-12-15,2025-04-30,Expired,499
1931,931,2023-08-21,2024-11-26,Expired,499
1932,932,2023-10-15,2025-07-21,Expired,449
1933,933,2023-08-02,2025-06-21,Expired,449
1934,934,2025-04-17,2025-08-31,Expired,499
1935,935,2025-02-01,2025-08-31,Expired,449
1936,936,2024-09-05,2025-05-20,Expired,499
1937,937,2025-02-22,2025-04-02,Expired,449
1938,938,2023-07-28,2025-01-01,Expired,449
1939,939,2024-09-26,2025-06-23,Expired,449
1940,940,2024-02-26,2025-09-08,Expired,449
1941,941,2023-11-18,2024-11-26,Expired,499
1942,942,2025-03-09,2025-06-22,Expired,449
1943,943,2024-10-28,2025-04-03,Expired,499
1944,944,2024-01-23,2024-12-15,Expired,449
1945,945,2024-05-19,2024-10-12,Expired,449
1946,946,2024-03-06,2025-05-20,Expired,449
1947,947,2023-11-22,2024-10-17,Expired,449
1948,948,2025-01-05,2024-11-13,Expired,449
1949,949,2024-05-20,2024-09-22,Expired,449
1950,950,2023-08-04,2025-07-03,Expired,449
1951,951,2024-03-24,2024-11-25,Expired,449
1952,952,2025-01-02,2025-07-27,Expired,499
1953,953,2024-10-23,2025-01-15,Expired,499
1954,954,2025-02-26,2025-05-05,Expired,449
1955,955,2024-11-24,2025-02-03,Expired,449
1956,956,2023-09-14,2024-12-20,Expired,449
1957,957,2025-01-12,2025-01-11,Expired,499
1958,958,2023-09-08,2025-08-04,Expired,499
1959,959,2024-06-19,2025-07-17,Expired,449
1960,960,2024-03-12,2025-06-13,Expired,499
1961,961,2023-10-17,2024-12-27,Expired,449
1962,962,2024-10-13,2024-10-24,Expired,499
1963,963,2023-10-12,2025-08-18,Expired,449
1964,964,2025-06-12,2024-10-08,Expired,449
1965,965,2023-11-30,2024-12-24,Expired,449
1966,966,2024-03-21,2025-03-08,Expired,499
1967,967,2025-05-09,2025-07-02,Expired,449
1968,968,2025-02-14,2025-07-29,Active,499
1969,969,2024-05-03,2025-04-18,Expired,499
1970,970,2024-01-02,2025-06-25,Expired,499
1971,971,2025-04-28,2024-12-01,Expired,449
1972,972,2025-02-19,2025-03-12,Expired,449
1973,973,2024-08-13,2025-01-25,Expired,449
1974,974,2023-08-17,2025-07-23,Expired,499
1975,975,2024-01-22,2024-11-09,Expired,499
1976,976,2023-12-15,2025-05-22,Expired,499
1977,977,2024-01-20,2025-10-27,Active,499
1978,978,2024-12-29,2024-08-30,Expired,449
1979,979,2024-10-31,2024-12-14,Expired,449
1980,980,2025-01-11,2025-02-06,Expired,449
1981,981,2025-02-07,2025-04-06,Expired,449
1982,982,2024-07-26,2025-04-14,Expired,449
1983,983,2024-12-21,2025-01-22,Expired,499
1984,984,2024-12-15,2024-12-06,Expired,499
1985,985,2024-10-20,2025-01-14,Expired,449
1986,986,2024-02-08,2025-04-20,Expired,449
1987,987,2025-06-06,2025-01-11,Expired,449
1988,988,2024-10-21,2025-08-21,Expired,499
1989,989,2024-02-19,2025-01-03,Expired,499
1990,990,2023-06-27,2025-07-18,Expired,449
1991,991,2023-11-13,2024-12-14,Expired,449
1992,992,2025-01-20,2025-01-21,Expired,499
1993,993,2023-11-14,2025-08-07,Active,449
1994,994,2025-04-18,2024-10-26,Expired,449
1995,995,2024-03-23,2025-06-05,Expired,449
1996,996,2023-12-25,2025-06-17,Expired,449
1997,997,2024-09-11,2025-09-09,Expired,499
1998,998,2023-09-20,2024-11-29,Expired,499
1999,999,2024-10-22,2024-11-25,Expired,449
2000,1000,2023-12-04,2025-02-24,Expired,499
